Date,Adj Close
2013-12-31,43.150002
2014-01-02,42.630001
2014-01-03,42.900002
2014-01-06,42.91
2014-01-07,43.529999
2014-01-08,42.25
2014-01-09,44.220001
2014-01-10,44.0
2014-01-13,42.650002
2014-01-14,43.779999
2014-01-15,43.360001
2014-01-16,43.759998
2014-01-17,43.02
2014-01-21,43.66
2014-01-22,42.689999
2014-01-23,40.869999
2014-01-24,38.02
2014-01-27,37.220001
2014-01-28,37.68
2014-01-29,35.34
2014-01-30,36.939999
2014-01-31,36.75
2014-02-03,35.009998
2014-02-04,36.279999
2014-02-05,36.669998
2014-02-06,38.639999
2014-02-07,39.259998
2014-02-10,39.450001
2014-02-11,40.169998
2014-02-12,40.389999
2014-02-13,40.290001
2014-02-14,40.290001
2014-02-18,41.209999
2014-02-19,39.830002
2014-02-20,37.290001
2014-02-21,36.66
2014-02-24,36.470001
2014-02-25,36.200001
2014-02-26,37.759998
2014-02-27,37.68
2014-02-28,37.5
2014-03-03,32.23
2014-03-04,34.310001
2014-03-05,34.310001
2014-03-06,34.290001
2014-03-07,33.18
2014-03-10,33.380001
2014-03-11,32.490002
2014-03-12,31.84
2014-03-13,29.16
2014-03-14,30.389999
2014-03-17,30.01
2014-03-18,32.029999
2014-03-19,31.42
2014-03-20,30.379999
2014-03-21,30.01
2014-03-24,29.16
2014-03-25,29.67
2014-03-26,29.440001
2014-03-27,28.75
2014-03-28,29.469999
2014-03-31,30.190001
2014-04-01,31.49
2014-04-02,31.190001
2014-04-03,30.459999
2014-04-04,29.959999
2014-04-07,28.5
2014-04-08,29.02
2014-04-09,29.540001
2014-04-10,28.379999
2014-04-11,28.01
2014-04-14,27.51
2014-04-15,27.379999
2014-04-16,28.09
2014-04-17,29.950001
2014-04-21,29.370001
2014-04-22,29.059999
2014-04-23,28.26
2014-04-24,26.690001
2014-04-25,24.0
2014-04-28,24.01
2014-04-29,25.59
2014-04-30,26.49
2014-05-01,26.540001
2014-05-02,26.530001
2014-05-05,26.84
2014-05-06,27.01
2014-05-07,27.27
2014-05-08,27.84
2014-05-09,28.299999
2014-05-12,29.280001
2014-05-13,29.540001
2014-05-14,29.950001
2014-05-15,29.84
2014-05-16,30.030001
2014-05-19,30.559999
2014-05-20,30.85
2014-05-21,31.6
2014-05-22,32.099998
2014-05-23,32.209999
2014-05-27,32.73
2014-05-28,31.9
2014-05-29,31.91
2014-05-30,31.139999
2014-06-02,31.67
2014-06-03,32.400002
2014-06-04,32.98
2014-06-05,33.150002
2014-06-06,33.720001
2014-06-09,34.0
2014-06-10,33.950001
2014-06-11,34.16
2014-06-12,34.099998
2014-06-13,33.73
2014-06-16,33.950001
2014-06-17,34.09
2014-06-18,34.119999
2014-06-19,33.790001
2014-06-20,35.560001
2014-06-23,35.599998
2014-06-24,34.610001
2014-06-25,34.900002
2014-06-26,35.029999
2014-06-27,35.16
2014-06-30,35.639999
2014-07-01,35.009998
2014-07-02,34.639999
2014-07-03,34.560001
2014-07-07,33.380001
2014-07-08,31.26
2014-07-09,32.150002
2014-07-10,31.690001
2014-07-11,32.110001
2014-07-14,32.490002
2014-07-15,32.119999
2014-07-16,31.85
2014-07-17,30.030001
2014-07-18,30.74
2014-07-21,29.639999
2014-07-22,30.200001
2014-07-23,30.76
2014-07-24,31.190001
2014-07-25,30.530001
2014-07-28,30.16
2014-07-29,30.440001
2014-07-30,31.25
2014-07-31,30.280001
2014-08-01,30.280001
2014-08-04,30.52
2014-08-05,29.57
2014-08-06,28.879999
2014-08-07,28.440001
2014-08-08,29.0
2014-08-11,29.01
2014-08-12,28.85
2014-08-13,29.030001
2014-08-14,29.030001
2014-08-15,28.41
2014-08-18,29.040001
2014-08-19,30.719999
2014-08-20,30.17
2014-08-21,29.809999
2014-08-22,29.08
2014-08-25,29.43
2014-08-26,29.290001
2014-08-27,29.02
2014-08-28,28.34
2014-08-29,28.43
2014-09-02,29.059999
2014-09-03,30.66
2014-09-04,29.93
2014-09-05,31.6
2014-09-08,31.49
2014-09-09,31.01
2014-09-10,30.799999
2014-09-11,30.440001
2014-09-12,31.559999
2014-09-15,29.9
2014-09-16,31.049999
2014-09-17,30.02
2014-09-18,29.74
2014-09-19,29.42
2014-09-22,28.74
2014-09-23,28.9
2014-09-24,29.969999
2014-09-25,29.4
2014-09-26,29.67
2014-09-29,28.219999
2014-09-30,27.799999
2014-10-01,26.450001
2014-10-02,26.98
2014-10-03,27.049999
2014-10-06,27.01
2014-10-07,26.17
2014-10-08,26.18
2014-10-09,25.559999
2014-10-10,24.440001
2014-10-13,25.08
2014-10-14,25.32
2014-10-15,25.440001
2014-10-16,25.790001
2014-10-17,26.309999
2014-10-20,26.41
2014-10-21,27.42
2014-10-22,26.139999
2014-10-23,27.6
2014-10-24,27.780001
2014-10-27,27.440001
2014-10-28,28.58
2014-10-29,28.370001
2014-10-30,28.02
2014-10-31,28.620001
2014-11-03,27.809999
2014-11-04,27.77
2014-11-05,27.200001
2014-11-06,26.459999
2014-11-07,26.549999
2014-11-10,26.790001
2014-11-11,26.389999
2014-11-12,26.620001
2014-11-13,25.98
2014-11-14,26.450001
2014-11-17,26.120001
2014-11-18,25.860001
2014-11-19,25.719999
2014-11-20,26.15
2014-11-21,26.67
2014-11-24,26.469999
2014-11-25,26.040001
2014-11-26,26.110001
2014-11-28,24.92
2014-12-01,23.98
2014-12-02,23.74
2014-12-03,23.58
2014-12-04,22.290001
2014-12-05,21.91
2014-12-08,19.43
2014-12-09,20.110001
2014-12-10,19.139999
2014-12-11,18.959999
2014-12-12,19.309999
2014-12-15,17.68
2014-12-16,16.82
2014-12-17,17.299999
2014-12-18,18.09
2014-12-19,18.0
2014-12-22,18.0
2014-12-23,17.98
2014-12-24,17.66
2014-12-26,18.16
2014-12-29,18.07
2014-12-30,18.4
2014-12-31,17.959999
2015-01-02,18.370001
2015-01-05,17.41
2015-01-06,17.530001
2015-01-07,17.370001
2015-01-08,18.42
2015-01-09,18.24
2015-01-12,17.66
2015-01-13,17.68
2015-01-14,18.4
2015-01-15,17.719999
2015-01-16,17.969999
2015-01-20,16.41
2015-01-21,16.51
2015-01-22,17.459999
2015-01-23,17.190001
2015-01-26,16.25
2015-01-27,16.209999
2015-01-28,15.41
2015-01-29,15.44
2015-01-30,14.89
2015-02-02,14.91
2015-02-03,15.63
2015-02-04,15.42
2015-02-05,16.24
2015-02-06,16.120001
2015-02-09,15.87
2015-02-10,15.73
2015-02-11,16.0
2015-02-12,16.41
2015-02-13,17.0
2015-02-17,16.65
2015-02-18,16.85
2015-02-19,16.870001
2015-02-20,17.01
2015-02-23,16.25
2015-02-24,16.35
2015-02-25,16.370001
2015-02-26,16.540001
2015-02-27,16.450001
2015-03-02,16.02
2015-03-03,15.95
2015-03-04,15.76
2015-03-05,15.48
2015-03-06,15.13
2015-03-09,14.68
2015-03-10,14.12
2015-03-11,14.5
2015-03-12,14.53
2015-03-13,14.68
2015-03-16,14.21
2015-03-17,14.49
2015-03-18,14.49
2015-03-19,14.46
2015-03-20,14.63
2015-03-23,14.74
2015-03-24,15.27
2015-03-25,15.27
2015-03-26,15.19
2015-03-27,15.45
2015-03-30,15.3
2015-03-31,15.17
2015-04-01,15.77
2015-04-02,16.24
2015-04-06,17.18
2015-04-07,17.02
2015-04-08,17.48
2015-04-09,17.99
2015-04-10,17.84
2015-04-13,17.84
2015-04-14,17.91
2015-04-15,20.4
2015-04-16,20.9
2015-04-17,20.59
2015-04-20,20.540001
2015-04-21,20.440001
2015-04-22,20.700001
2015-04-23,20.75
2015-04-24,20.67
2015-04-27,20.27
2015-04-28,19.200001
2015-04-29,19.68
2015-04-30,19.24
2015-05-01,19.57
2015-05-04,19.190001
2015-05-05,19.42
2015-05-06,19.6
2015-05-07,19.15
2015-05-08,19.639999
2015-05-11,19.309999
2015-05-12,19.200001
2015-05-13,19.43
2015-05-14,19.49
2015-05-15,19.01
2015-05-18,19.35
2015-05-19,18.75
2015-05-20,18.59
2015-05-21,18.610001
2015-05-22,18.5
2015-05-26,18.17
2015-05-27,17.93
2015-05-28,18.33
2015-05-29,18.030001
2015-06-01,18.07
2015-06-02,18.93
2015-06-03,18.17
2015-06-04,17.57
2015-06-05,17.559999
2015-06-08,17.24
2015-06-09,17.360001
2015-06-10,17.4
2015-06-11,17.440001
2015-06-12,17.629999
2015-06-15,17.25
2015-06-16,17.190001
2015-06-17,17.139999
2015-06-18,16.93
2015-06-19,16.77
2015-06-22,16.26
2015-06-23,15.93
2015-06-24,15.95
2015-06-25,15.9
2015-06-26,15.81
2015-06-29,14.84
2015-06-30,15.22
2015-07-01,15.03
2015-07-02,15.38
2015-07-06,14.91
2015-07-07,14.93
2015-07-08,14.47
2015-07-09,14.81
2015-07-10,14.85
2015-07-13,15.33
2015-07-14,15.47
2015-07-15,15.19
2015-07-16,15.45
2015-07-17,15.78
2015-07-20,15.48
2015-07-21,15.49
2015-07-22,15.15
2015-07-23,15.26
2015-07-24,14.84
2015-07-27,14.53
2015-07-28,14.89
2015-07-29,15.41
2015-07-30,14.38
2015-07-31,13.91
2015-08-03,13.65
2015-08-04,13.76
2015-08-05,13.75
2015-08-06,13.31
2015-08-07,13.33
2015-08-10,13.65
2015-08-11,13.21
2015-08-12,13.06
2015-08-13,12.77
2015-08-14,12.82
2015-08-17,12.49
2015-08-18,12.46
2015-08-19,11.91
2015-08-20,11.46
2015-08-21,11.01
2015-08-24,10.18
2015-08-25,10.57
2015-08-26,10.84
2015-08-27,12.08
2015-08-28,12.35
2015-08-31,12.2
2015-09-01,11.71
2015-09-02,11.73
2015-09-03,11.74
2015-09-04,11.5
2015-09-08,11.51
2015-09-09,11.33
2015-09-10,11.45
2015-09-11,11.27
2015-09-14,12.05
2015-09-15,12.24
2015-09-16,13.32
2015-09-17,13.1
2015-09-18,12.49
2015-09-21,12.2
2015-09-22,11.57
2015-09-23,11.16
2015-09-24,10.85
2015-09-25,10.69
2015-09-28,10.3
2015-09-29,10.77
2015-09-30,10.73
2015-10-01,10.73
2015-10-02,11.34
2015-10-05,12.24
2015-10-06,11.98
2015-10-07,11.83
2015-10-08,12.0
2015-10-09,12.37
2015-10-12,12.19
2015-10-13,12.76
2015-10-14,13.33
2015-10-15,13.6
2015-10-16,13.6
2015-10-19,13.53
2015-10-20,13.35
2015-10-21,13.04
2015-10-22,12.86
2015-10-23,13.22
2015-10-26,14.05
2015-10-27,14.99
2015-10-28,15.71
2015-10-29,15.62
2015-10-30,16.1
2015-11-02,16.389999
2015-11-03,16.360001
2015-11-04,16.0
2015-11-05,15.74
2015-11-06,15.83
2015-11-09,16.07
2015-11-10,15.92
2015-11-11,15.93
2015-11-12,15.23
2015-11-13,15.17
2015-11-16,15.34
2015-11-17,16.27
2015-11-18,17.16
2015-11-19,17.07
2015-11-20,17.51
2015-11-23,17.049999
2015-11-24,17.09
2015-11-25,17.02
2015-11-27,16.57
2015-11-30,16.629999
2015-12-01,15.89
2015-12-02,16.370001
2015-12-03,16.07
2015-12-04,15.79
2015-12-07,15.3
2015-12-08,15.06
2015-12-09,14.9
2015-12-10,15.29
2015-12-11,14.4
2015-12-14,14.46
2015-12-15,15.12
2015-12-16,15.19
2015-12-17,15.37
2015-12-18,15.32
2015-12-21,15.64
2015-12-22,15.8
2015-12-23,16.030001
2015-12-24,16.1
2015-12-28,15.63
2015-12-29,15.82
2015-12-30,15.43
2015-12-31,15.72
2016-01-04,15.22
2016-01-05,15.41
2016-01-06,14.97
2016-01-07,13.96
2016-01-08,13.42
2016-01-11,12.86
2016-01-12,13.09
2016-01-13,12.98
2016-01-14,13.18
2016-01-15,12.22
2016-01-19,11.93
2016-01-20,11.8
2016-01-21,12.18
2016-01-22,13.13
2016-01-25,12.57
2016-01-26,13.26
2016-01-27,13.22
2016-01-28,13.13
2016-01-29,13.42
2016-02-01,13.6
2016-02-02,12.78
2016-02-03,13.23
2016-02-04,13.55
2016-02-05,12.88
2016-02-08,12.77
2016-02-09,12.5
2016-02-10,12.78
2016-02-11,12.61
2016-02-12,12.95
2016-02-16,13.57
2016-02-17,13.64
2016-02-18,13.08
2016-02-19,12.67
2016-02-22,13.33
2016-02-23,12.91
2016-02-24,13.17
2016-02-25,12.88
2016-02-26,12.98
2016-02-29,12.92
2016-03-01,13.58
2016-03-02,14.18
2016-03-03,13.74
2016-03-04,14.48
2016-03-07,14.54
2016-03-08,13.72
2016-03-09,13.88
2016-03-10,13.63
2016-03-11,14.26
2016-03-14,14.74
2016-03-15,14.05
2016-03-16,15.06
2016-03-17,15.41
2016-03-18,15.19
2016-03-21,15.02
2016-03-22,15.27
2016-03-23,14.98
2016-03-24,15.08
2016-03-28,14.91
2016-03-29,15.29
2016-03-30,15.4
2016-03-31,15.32
2016-04-01,15.38
2016-04-04,15.06
2016-04-05,15.08
2016-04-06,15.45
2016-04-07,15.21
2016-04-08,15.05
2016-04-11,15.68
2016-04-12,16.76
2016-04-13,16.75
2016-04-14,16.84
2016-04-15,16.59
2016-04-18,17.17
2016-04-19,17.51
2016-04-20,18.209999
2016-04-21,18.129999
2016-04-22,18.08
2016-04-25,17.860001
2016-04-26,18.110001
2016-04-27,18.530001
2016-04-28,19.870001
2016-04-29,20.469999
2016-05-02,20.68
2016-05-03,20.18
2016-05-04,19.969999
2016-05-05,19.969999
2016-05-06,19.879999
2016-05-09,19.24
2016-05-10,19.59
2016-05-11,19.690001
2016-05-12,19.58
2016-05-13,19.52
2016-05-16,19.809999
2016-05-17,19.690001
2016-05-18,19.120001
2016-05-19,18.99
2016-05-20,19.219999
2016-05-23,19.16
2016-05-24,19.48
2016-05-25,19.77
2016-05-26,19.85
2016-05-27,19.91
2016-05-31,20.6
2016-06-01,20.559999
2016-06-02,20.629999
2016-06-03,20.889999
2016-06-06,21.459999
2016-06-07,21.93
2016-06-08,23.08
2016-06-09,23.08
2016-06-10,21.84
2016-06-13,21.48
2016-06-14,21.110001
2016-06-15,21.18
2016-06-16,21.09
2016-06-17,21.43
2016-06-20,21.809999
2016-06-21,21.540001
2016-06-22,21.799999
2016-06-23,22.08
2016-06-24,21.389999
2016-06-27,19.9
2016-06-28,20.93
2016-06-29,21.469999
2016-06-30,21.85
2016-07-01,21.73
2016-07-05,21.65
2016-07-06,21.559999
2016-07-07,21.68
2016-07-08,22.08
2016-07-11,22.07
2016-07-12,22.77
2016-07-13,22.0
2016-07-14,21.969999
2016-07-15,21.43
2016-07-18,21.5
2016-07-19,21.049999
2016-07-20,21.389999
2016-07-21,21.26
2016-07-22,21.23
2016-07-25,21.02
2016-07-26,21.129999
2016-07-27,21.709999
2016-07-28,22.33
2016-07-29,21.65
2016-08-01,21.26
2016-08-02,21.139999
2016-08-03,21.049999
2016-08-04,21.459999
2016-08-05,21.77
2016-08-08,21.889999
2016-08-09,22.389999
2016-08-10,22.360001
2016-08-11,23.24
2016-08-12,23.209999
2016-08-15,23.41
2016-08-16,23.35
2016-08-17,22.870001
2016-08-18,22.77
2016-08-19,22.48
2016-08-22,22.129999
2016-08-23,22.440001
2016-08-24,22.370001
2016-08-25,22.139999
2016-08-26,22.139999
2016-08-29,22.219999
2016-08-30,22.110001
2016-08-31,22.040001
2016-09-01,22.190001
2016-09-02,22.389999
2016-09-06,22.059999
2016-09-07,22.01
2016-09-08,21.85
2016-09-09,20.309999
2016-09-12,20.83
2016-09-13,20.379999
2016-09-14,20.32
2016-09-15,20.5
2016-09-16,20.639999
2016-09-19,20.77
2016-09-20,20.700001
2016-09-21,21.540001
2016-09-22,22.07
2016-09-23,21.57
2016-09-26,21.360001
2016-09-27,21.309999
2016-09-28,21.450001
2016-09-29,21.440001
2016-09-30,21.049999
2016-10-03,21.73
2016-10-04,21.440001
2016-10-05,21.98
2016-10-06,22.129999
2016-10-07,22.0
2016-10-10,21.76
2016-10-11,21.4
2016-10-12,20.16
2016-10-13,19.08
2016-10-14,18.93
2016-10-17,19.040001
2016-10-18,19.74
2016-10-19,19.85
2016-10-20,19.700001
2016-10-21,19.5
2016-10-24,19.639999
2016-10-25,19.620001
2016-10-26,18.950001
2016-10-27,19.92
2016-10-28,20.059999
2016-10-31,19.690001
2016-11-01,19.52
2016-11-02,18.690001
2016-11-03,18.5
2016-11-04,18.32
2016-11-07,18.65
2016-11-08,18.74
2016-11-09,20.030001
2016-11-10,19.200001
2016-11-11,18.709999
2016-11-14,17.809999
2016-11-15,18.27
2016-11-16,17.610001
2016-11-17,17.959999
2016-11-18,18.469999
2016-11-21,18.6
2016-11-22,18.950001
2016-11-23,19.030001
2016-11-25,18.629999
2016-11-28,18.48
2016-11-29,18.459999
2016-11-30,19.01
2016-12-01,18.610001
2016-12-02,18.42
2016-12-05,19.219999
2016-12-06,19.24
2016-12-07,19.68
2016-12-08,19.950001
2016-12-09,19.860001
2016-12-12,20.290001
2016-12-13,21.059999
2016-12-14,20.780001
2016-12-15,20.58
2016-12-16,20.25
2016-12-19,19.959999
2016-12-20,20.889999
2016-12-21,20.290001
2016-12-22,20.5
2016-12-23,20.389999
2016-12-27,20.370001
2016-12-28,20.23
2016-12-29,20.35
2016-12-30,20.129999
2017-01-03,20.43
2017-01-04,20.440001
2017-01-05,21.879999
2017-01-06,21.84
2017-01-09,21.950001
2017-01-10,21.57
2017-01-11,21.49
2017-01-12,21.309999
2017-01-13,21.5
2017-01-17,21.92
2017-01-18,21.959999
2017-01-19,22.030001
2017-01-20,21.870001
2017-01-23,22.09
2017-01-24,23.190001
2017-01-25,23.700001
2017-01-26,23.280001
2017-01-27,23.629999
2017-01-30,23.1
2017-01-31,23.139999
2017-02-01,23.360001
2017-02-02,23.33
2017-02-03,23.08
2017-02-06,23.01
2017-02-07,23.15
2017-02-08,23.049999
2017-02-09,22.959999
2017-02-10,23.120001
2017-02-13,22.969999
2017-02-14,22.690001
2017-02-15,23.139999
2017-02-16,24.49
2017-02-17,24.66
2017-02-21,24.34
2017-02-22,24.17
2017-02-23,23.74
2017-02-24,23.58
2017-02-27,23.18
2017-02-28,22.5
2017-03-01,23.35
2017-03-02,23.23
2017-03-03,23.57
2017-03-06,23.57
2017-03-07,23.49
2017-03-08,23.43
2017-03-09,22.85
2017-03-10,23.030001
2017-03-13,23.24
2017-03-14,22.799999
2017-03-15,22.940001
2017-03-16,23.74
2017-03-17,23.620001
2017-03-20,23.48
2017-03-21,22.18
2017-03-22,22.42
2017-03-23,22.24
2017-03-24,22.41
2017-03-27,22.17
2017-03-28,22.43
2017-03-29,22.24
2017-03-30,22.059999
2017-03-31,21.93
2017-04-03,22.129999
2017-04-04,22.139999
2017-04-05,22.610001
2017-04-06,22.9
2017-04-07,21.82
2017-04-10,21.67
2017-04-11,22.33
2017-04-12,22.780001
2017-04-13,22.75
2017-04-17,24.27
2017-04-18,24.01
2017-04-19,23.32
2017-04-20,23.309999
2017-04-21,23.08
2017-04-24,23.379999
2017-04-25,23.92
2017-04-26,24.860001
2017-04-27,27.4
2017-04-28,27.26
2017-05-01,27.76
2017-05-02,26.790001
2017-05-03,27.209999
2017-05-04,26.84
2017-05-05,27.440001
2017-05-08,27.66
2017-05-09,27.379999
2017-05-10,27.51
2017-05-11,27.65
2017-05-12,28.059999
2017-05-15,28.9
2017-05-16,28.99
2017-05-17,27.58
2017-05-18,27.77
2017-05-19,28.51
2017-05-22,28.629999
2017-05-23,28.469999
2017-05-24,28.469999
2017-05-25,27.82
2017-05-26,27.66
2017-05-30,27.190001
2017-05-31,26.48
2017-06-01,27.09
2017-06-02,26.32
2017-06-05,27.17
2017-06-06,26.860001
2017-06-07,26.74
2017-06-08,26.75
2017-06-09,26.25
2017-06-12,25.940001
2017-06-13,26.280001
2017-06-14,25.74
2017-06-15,25.77
2017-06-16,25.57
2017-06-19,26.6
2017-06-20,26.25
2017-06-21,26.780001
2017-06-22,26.93
2017-06-23,27.549999
2017-06-26,27.17
2017-06-27,26.879999
2017-06-28,27.620001
2017-06-29,26.629999
2017-06-30,26.24
2017-07-03,26.129999
2017-07-05,25.969999
2017-07-06,26.040001
2017-07-07,26.25
2017-07-10,26.51
2017-07-11,26.5
2017-07-12,27.33
2017-07-13,31.68
2017-07-14,31.620001
2017-07-17,31.34
2017-07-18,31.549999
2017-07-19,31.1
2017-07-20,31.360001
2017-07-21,31.41
2017-07-24,31.84
2017-07-25,31.74
2017-07-26,31.84
2017-07-27,30.76
2017-07-28,29.530001
2017-07-31,28.98
2017-08-01,28.98
2017-08-02,28.360001
2017-08-03,29.16
2017-08-04,29.610001
2017-08-07,29.959999
2017-08-08,29.84
2017-08-09,30.690001
2017-08-10,29.280001
2017-08-11,29.049999
2017-08-14,29.73
2017-08-15,30.25
2017-08-16,30.950001
2017-08-17,30.34
2017-08-18,29.809999
2017-08-21,29.719999
2017-08-22,30.08
2017-08-23,29.940001
2017-08-24,29.879999
2017-08-25,29.75
2017-08-28,29.469999
2017-08-29,29.49
2017-08-30,29.85
2017-08-31,30.01
2017-09-01,32.209999
2017-09-05,32.349998
2017-09-06,32.099998
2017-09-07,33.009998
2017-09-08,31.870001
2017-09-11,33.110001
2017-09-12,33.080002
2017-09-13,32.439999
2017-09-14,32.200001
2017-09-15,32.639999
2017-09-18,32.32
2017-09-19,32.240002
2017-09-20,32.029999
2017-09-21,32.630001
2017-09-22,33.200001
2017-09-25,32.490002
2017-09-26,31.709999
2017-09-27,32.34
2017-09-28,32.369999
2017-09-29,32.950001
2017-10-02,32.959999
2017-10-03,34.18
2017-10-04,33.43
2017-10-05,33.759998
2017-10-06,32.509998
2017-10-09,32.470001
2017-10-10,31.709999
2017-10-11,31.83
2017-10-12,32.34
2017-10-13,32.439999
2017-10-16,31.889999
2017-10-17,31.75
2017-10-18,32.32
2017-10-19,31.639999
2017-10-20,31.16
2017-10-23,30.77
2017-10-24,32.82
2017-10-25,32.009998
2017-10-26,32.68
2017-10-27,32.380001
2017-10-30,33.099998
2017-10-31,33.830002
2017-11-01,34.029999
2017-11-02,33.439999
2017-11-03,33.009998
2017-11-06,33.549999
2017-11-07,32.580002
2017-11-08,32.720001
2017-11-09,31.92
2017-11-10,30.99
2017-11-13,31.620001
2017-11-14,31.25
2017-11-15,31.24
2017-11-16,32.400002
2017-11-17,33.189999
2017-11-20,33.709999
2017-11-21,34.279999
2017-11-22,33.900002
2017-11-24,35.0
2017-11-27,34.43
2017-11-28,34.490002
2017-11-29,32.950001
2017-11-30,33.110001
2017-12-01,32.529999
2017-12-04,32.029999
2017-12-05,32.369999
2017-12-06,32.619999
2017-12-07,33.02
2017-12-08,32.889999
2017-12-11,33.290001
2017-12-12,32.889999
2017-12-13,32.720001
2017-12-14,32.049999
2017-12-15,32.049999
2017-12-18,32.32
2017-12-19,32.259998
2017-12-20,32.009998
2017-12-21,31.440001
2017-12-22,31.66
2017-12-26,32.200001
2017-12-27,32.450001
2017-12-28,32.560001
2017-12-29,32.75
2018-01-02,33.639999
2018-01-03,34.16
2018-01-04,34.220001
2018-01-05,34.25
2018-01-08,34.630001
2018-01-09,34.34
2018-01-10,34.540001
2018-01-11,34.580002
2018-01-12,34.599998
2018-01-16,35.18
2018-01-17,36.5
2018-01-18,37.509998
2018-01-19,37.200001
2018-01-22,37.970001
2018-01-23,38.029999
2018-01-24,37.869999
2018-01-25,38.400002
2018-01-26,39.189999
2018-01-29,38.5
2018-01-30,38.099998
2018-01-31,38.73
2018-02-01,39.41
2018-02-02,37.869999
2018-02-05,36.16
2018-02-06,37.299999
2018-02-07,36.98
2018-02-08,35.200001
2018-02-09,35.889999
2018-02-12,36.5
2018-02-13,37.419998
2018-02-14,38.889999
2018-02-15,41.959999
2018-02-16,42.099998
2018-02-20,43.049999
2018-02-21,43.490002
2018-02-22,42.389999
2018-02-23,42.490002
2018-02-26,42.0
2018-02-27,42.049999
2018-02-28,41.09
2018-03-01,40.130001
2018-03-02,41.259998
2018-03-05,41.720001
2018-03-06,42.66
2018-03-07,43.16
2018-03-08,43.75
2018-03-09,43.09
2018-03-12,42.98
2018-03-13,42.290001
2018-03-14,42.990002
2018-03-15,42.27
2018-03-16,42.299999
2018-03-19,42.209999
2018-03-20,42.779999
2018-03-21,43.209999
2018-03-22,41.84
2018-03-23,41.150002
2018-03-26,41.48
2018-03-27,39.73
2018-03-28,39.25
2018-03-29,39.450001
2018-04-02,39.139999
2018-04-03,39.07
2018-04-04,39.66
2018-04-05,40.130001
2018-04-06,39.389999
2018-04-09,34.66
2018-04-10,33.990002
2018-04-11,35.009998
2018-04-12,33.16
2018-04-13,32.98
2018-04-16,33.630001
2018-04-17,33.029999
2018-04-18,34.98
2018-04-19,34.389999
2018-04-20,33.720001
2018-04-23,34.07
2018-04-24,33.540001
2018-04-25,33.009998
2018-04-26,32.73
2018-04-27,32.509998
2018-04-30,33.360001
2018-05-01,33.630001
2018-05-02,34.25
2018-05-03,33.950001
2018-05-04,33.580002
2018-05-07,34.080002
2018-05-08,33.740002
2018-05-09,34.32
2018-05-10,35.27
2018-05-11,35.09
2018-05-14,34.860001
2018-05-15,33.900002
2018-05-16,34.189999
2018-05-17,34.07
2018-05-18,33.990002
2018-05-21,34.630001
2018-05-22,34.220001
2018-05-23,34.540001
2018-05-24,33.540001
2018-05-25,33.290001
2018-05-29,32.459999
2018-05-30,33.34
2018-05-31,33.52
2018-06-01,34.400002
2018-06-04,35.48
2018-06-05,35.689999
2018-06-06,35.799999
2018-06-07,34.310001
2018-06-08,34.560001
2018-06-11,34.990002
2018-06-12,36.470001
2018-06-13,36.41
2018-06-14,36.82
2018-06-15,35.959999
2018-06-18,36.849998
2018-06-19,35.990002
2018-06-20,36.139999
2018-06-21,35.360001
2018-06-22,35.549999
2018-06-25,34.560001
2018-06-26,34.950001
2018-06-27,34.549999
2018-06-28,35.299999
2018-06-29,35.900002
2018-07-02,36.130001
2018-07-03,35.110001
2018-07-05,36.200001
2018-07-06,36.950001
2018-07-09,37.490002
2018-07-10,37.049999
2018-07-11,36.73
2018-07-12,38.560001
2018-07-13,37.91
2018-07-16,37.549999
2018-07-17,38.470001
2018-07-18,38.060001
2018-07-19,36.490002
2018-07-20,36.82
2018-07-23,37.139999
2018-07-24,37.290001
2018-07-25,38.619999
2018-07-26,37.369999
2018-07-27,36.869999
2018-07-30,35.700001
2018-07-31,35.959999
2018-08-01,35.73
2018-08-02,35.950001
2018-08-03,35.59
2018-08-06,35.290001
2018-08-07,35.400002
2018-08-08,32.139999
2018-08-09,31.82
2018-08-10,31.889999
2018-08-13,32.040001
2018-08-14,32.099998
2018-08-15,31.34
2018-08-16,31.690001
2018-08-17,31.27
2018-08-20,31.629999
2018-08-21,31.959999
2018-08-22,31.49
2018-08-23,30.860001
2018-08-24,31.790001
2018-08-27,32.09
2018-08-28,31.68
2018-08-29,32.0
2018-08-30,31.200001
2018-08-31,32.130001
2018-09-04,32.02
2018-09-05,30.99
2018-09-06,29.709999
2018-09-07,30.139999
2018-09-10,30.32
2018-09-11,30.040001
2018-09-12,30.18
2018-09-13,31.34
2018-09-14,32.34
2018-09-17,31.09
2018-09-18,31.68
2018-09-19,32.419998
2018-09-20,33.0
2018-09-21,33.0
2018-09-24,33.470001
2018-09-25,33.450001
2018-09-26,33.189999
2018-09-27,33.279999
2018-09-28,32.889999
2018-10-01,32.470001
2018-10-02,32.75
2018-10-03,33.450001
2018-10-04,32.310001
2018-10-05,32.43
2018-10-08,33.349998
2018-10-09,33.330002
2018-10-10,31.799999
2018-10-11,31.93
2018-10-12,32.73
2018-10-15,33.200001
2018-10-16,35.68
2018-10-17,35.880001
2018-10-18,29.49
2018-10-19,27.42
2018-10-22,27.530001
2018-10-23,26.780001
2018-10-24,25.809999
2018-10-25,27.0
2018-10-26,27.25
2018-10-29,27.219999
2018-10-30,27.559999
2018-10-31,30.129999
2018-11-01,30.74
2018-11-02,29.700001
2018-11-05,30.18
2018-11-06,30.15
2018-11-07,29.709999
2018-11-08,29.1
2018-11-09,28.209999
2018-11-12,27.74
2018-11-13,28.040001
2018-11-14,28.91
2018-11-15,29.41
2018-11-16,29.25
2018-11-19,29.09
2018-11-20,27.85
2018-11-21,29.379999
2018-11-23,28.309999
2018-11-26,28.959999
2018-11-27,29.07
2018-11-28,29.93
2018-11-29,29.16
2018-11-30,29.5
2018-12-03,30.01
2018-12-04,28.700001
2018-12-06,28.6
2018-12-07,28.68
2018-12-10,27.91
2018-12-11,26.85
2018-12-12,28.690001
2018-12-13,27.9
2018-12-14,28.01
2018-12-17,27.48
2018-12-18,27.200001
2018-12-19,27.26
2018-12-20,27.280001
2018-12-21,26.440001
2018-12-24,27.08
2018-12-26,27.790001
2018-12-27,27.559999
2018-12-28,27.91
2018-12-31,27.35
2019-01-02,27.51
2019-01-03,26.799999
2019-01-04,28.559999
2019-01-07,29.02
2019-01-08,29.09
2019-01-09,29.780001
2019-01-10,29.700001
2019-01-11,29.889999
2019-01-14,29.549999
2019-01-15,29.540001
2019-01-16,29.809999
2019-01-17,31.030001
2019-01-18,30.82
2019-01-22,30.530001
2019-01-23,31.299999
2019-01-24,32.02
2019-01-25,33.599998
2019-01-28,33.060001
2019-01-29,32.279999
2019-01-30,33.790001
2019-01-31,33.580002
2019-02-01,33.68
2019-02-04,34.259998
2019-02-05,34.419998
2019-02-06,33.77
2019-02-07,33.029999
2019-02-08,33.23
2019-02-11,33.5
2019-02-12,34.009998
2019-02-13,33.860001
2019-02-14,34.41
2019-02-15,31.469999
2019-02-19,32.830002
2019-02-20,32.860001
2019-02-21,31.790001
2019-02-22,33.689999
2019-02-25,33.59
2019-02-26,33.380001
2019-02-27,33.080002
2019-02-28,34.400002
2019-03-01,34.639999
2019-03-04,35.0
2019-03-05,36.16
2019-03-06,35.98
2019-03-07,35.209999
2019-03-08,35.099998
2019-03-11,36.0
2019-03-12,35.580002
2019-03-13,35.720001
2019-03-14,35.689999
2019-03-15,35.98
2019-03-18,35.970001
2019-03-19,35.93
2019-03-20,35.759998
2019-03-21,35.880001
2019-03-22,35.310001
2019-03-25,35.73
2019-03-26,35.59
2019-03-27,34.84
2019-03-28,35.599998
2019-03-29,34.34
2019-04-01,33.970001
2019-04-02,34.93
2019-04-03,34.77
2019-04-04,34.639999
2019-04-05,35.209999
2019-04-08,35.75
2019-04-09,35.98
2019-04-10,37.450001
2019-04-11,37.799999
2019-04-12,38.900002
2019-04-15,39.0
2019-04-16,38.830002
2019-04-17,38.200001
2019-04-18,37.34
2019-04-22,37.439999
2019-04-23,37.810001
2019-04-24,37.619999
2019-04-25,37.119999
2019-04-26,36.689999
2019-04-29,37.32
2019-04-30,37.43
2019-05-01,38.080002
2019-05-02,36.5
2019-05-03,37.240002
2019-05-06,36.990002
2019-05-07,36.32
2019-05-08,36.5
2019-05-09,36.459999
2019-05-10,36.25
2019-05-13,34.830002
2019-05-14,35.07
2019-05-15,36.310001
2019-05-16,37.27
2019-05-17,37.790001
2019-05-20,36.869999
2019-05-21,37.419998
2019-05-22,37.650002
2019-05-23,36.389999
2019-05-24,37.310001
2019-05-28,35.799999
2019-05-29,36.330002
2019-05-30,36.389999
2019-05-31,35.919998
2019-06-03,35.439999
2019-06-04,36.27
2019-06-05,36.279999
2019-06-06,37.139999
2019-06-07,37.279999
2019-06-10,37.77
2019-06-11,38.32
2019-06-12,38.310001
2019-06-13,38.849998
2019-06-14,37.950001
2019-06-17,38.360001
2019-06-18,38.77
2019-06-19,38.990002
2019-06-20,39.419998
2019-06-21,39.02
2019-06-24,39.09
2019-06-25,37.59
2019-06-26,37.669998
2019-06-27,38.84
2019-06-28,38.0
2019-07-01,39.23
2019-07-02,39.689999
2019-07-03,39.330002
2019-07-05,39.200001
2019-07-08,38.720001
2019-07-09,39.450001
2019-07-10,39.82
2019-07-11,39.970001
2019-07-12,40.330002
2019-07-15,40.48
2019-07-16,40.27
2019-07-17,39.57
2019-07-18,39.610001
2019-07-19,39.0
2019-07-22,39.59
2019-07-23,39.630001
2019-07-24,39.990002
2019-07-25,38.41
2019-07-26,37.040001
2019-07-29,39.34
2019-07-30,38.869999
2019-07-31,39.220001
2019-08-01,38.25
2019-08-02,37.540001
2019-08-05,36.34
2019-08-06,37.099998
2019-08-07,36.540001
2019-08-08,37.360001
2019-08-09,36.959999
2019-08-12,36.27
2019-08-13,37.529999
2019-08-14,35.869999
2019-08-15,35.860001
2019-08-16,36.48
2019-08-19,36.41
2019-08-20,36.48
2019-08-21,36.459999
2019-08-22,36.549999
2019-08-23,35.790001
2019-08-26,36.150002
2019-08-27,36.490002
2019-08-28,36.209999
2019-08-29,36.860001
2019-08-30,37.099998
2019-09-03,37.099998
2019-09-04,37.959999
2019-09-05,38.080002
2019-09-06,37.990002
2019-09-09,37.48
2019-09-10,37.48
2019-09-11,37.66
2019-09-12,37.740002
2019-09-13,37.880001
2019-09-16,38.029999
2019-09-17,37.68
2019-09-18,37.330002
2019-09-19,37.439999
2019-09-20,35.77
2019-09-23,36.59
2019-09-24,36.009998
2019-09-25,36.48
2019-09-26,36.169998
2019-09-27,35.259998
2019-09-30,35.009998
2019-10-01,34.759998
2019-10-02,34.029999
2019-10-03,34.93
2019-10-04,35.360001
2019-10-07,35.279999
2019-10-08,35.400002
2019-10-09,35.66
2019-10-10,35.560001
2019-10-11,29.99
2019-10-14,30.299999
2019-10-15,30.52
2019-10-16,30.200001
2019-10-17,30.290001
2019-10-18,29.76
2019-10-21,32.759998
2019-10-22,32.18
2019-10-23,31.98
2019-10-24,32.700001
2019-10-25,32.27
2019-10-28,33.580002
2019-10-29,33.66
2019-10-30,33.57
2019-10-31,33.389999
2019-11-01,33.849998
2019-11-04,34.240002
2019-11-05,34.52
2019-11-06,34.200001
2019-11-07,34.07
2019-11-08,34.16
2019-11-11,34.23
2019-11-12,33.869999
2019-11-13,33.880001
2019-11-14,34.560001
2019-11-15,35.790001
2019-11-18,40.07
2019-11-19,39.43
2019-11-20,40.150002
2019-11-21,40.09
2019-11-22,40.459999
2019-11-25,41.07
2019-11-26,41.470001
2019-11-27,41.810001
2019-11-29,41.970001
2019-12-02,41.119999
2019-12-03,40.610001
2019-12-04,40.41
2019-12-05,40.23
2019-12-06,40.459999
2019-12-09,40.32
2019-12-10,40.459999
2019-12-11,41.459999
2019-12-12,41.75
2019-12-13,43.25
2019-12-16,42.84
2019-12-17,41.939999
2019-12-18,41.959999
2019-12-19,42.720001
2019-12-20,43.16
2019-12-23,43.580002
2019-12-24,43.669998
2019-12-26,43.73
2019-12-27,43.900002
2019-12-30,43.439999
2019-12-31,43.490002
2020-01-02,44.080002
2020-01-03,43.209999
2020-01-06,43.099998
2020-01-07,43.169998
2020-01-08,43.77
2020-01-09,44.540001
2020-01-10,44.060001
2020-01-13,44.299999
2020-01-14,43.529999
2020-01-15,43.23
2020-01-16,44.130001
2020-01-17,45.400002
2020-01-21,45.049999
2020-01-22,45.360001
2020-01-23,44.900002
2020-01-24,45.380001
2020-01-27,44.57
2020-01-28,45.57
2020-01-29,46.110001
2020-01-30,45.900002
2020-01-31,44.810001
2020-02-03,46.0
2020-02-04,48.009998
2020-02-05,48.25
2020-02-06,48.200001
2020-02-07,48.490002
2020-02-10,48.049999
2020-02-11,48.27
2020-02-12,48.549999
2020-02-13,48.619999
2020-02-14,46.57
2020-02-18,45.41
2020-02-19,46.150002
2020-02-20,46.669998
2020-02-21,44.540001
2020-02-24,42.02
2020-02-25,40.060001
2020-02-26,41.5
2020-02-27,40.130001
2020-02-28,40.610001
2020-03-02,40.91
2020-03-03,39.849998
2020-03-04,41.43
2020-03-05,40.48
2020-03-06,39.509998
2020-03-09,34.240002
2020-03-10,36.919998
2020-03-11,35.869999
2020-03-12,32.119999
2020-03-13,33.939999
2020-03-16,30.799999
2020-03-17,31.66
2020-03-18,28.91
2020-03-19,30.620001
2020-03-20,29.91
2020-03-23,29.139999
2020-03-24,31.889999
2020-03-25,33.419998
2020-03-26,34.82
2020-03-27,32.98
2020-03-30,33.880001
2020-03-31,34.049999
2020-04-01,32.43
2020-04-02,32.610001
2020-04-03,32.380001
2020-04-06,33.869999
2020-04-07,34.5
2020-04-08,35.93
2020-04-09,36.139999
2020-04-13,36.700001
2020-04-14,36.849998
2020-04-15,34.889999
2020-04-16,34.970001
2020-04-17,36.619999
2020-04-20,35.41
2020-04-21,34.02
2020-04-22,34.950001
2020-04-23,35.25
2020-04-24,36.0
2020-04-27,36.959999
2020-04-28,37.59
2020-04-29,39.610001
2020-04-30,37.779999
2020-05-01,37.41
2020-05-04,38.0
2020-05-05,38.380001
2020-05-06,38.509998
2020-05-07,40.299999
2020-05-08,40.740002
2020-05-11,40.18
2020-05-12,40.0
2020-05-13,38.709999
2020-05-14,38.830002
2020-05-15,38.990002
2020-05-18,40.919998
2020-05-19,40.689999
2020-05-20,41.310001
2020-05-21,40.630001
2020-05-22,40.259998
2020-05-26,40.43
2020-05-27,40.669998
2020-05-28,40.639999
2020-05-29,40.23
2020-06-01,41.0
2020-06-02,41.040001
2020-06-03,41.470001
2020-06-04,41.32
2020-06-05,42.32
2020-06-08,42.450001
2020-06-09,41.990002
2020-06-10,42.169998
2020-06-11,40.290001
2020-06-12,42.18
2020-06-15,42.880001
2020-06-16,43.540001
2020-06-17,43.959999
2020-06-18,44.560001
2020-06-19,45.619999
2020-06-22,46.939999
2020-06-23,49.0
2020-06-24,50.299999
2020-06-25,50.549999
2020-06-26,49.029999
2020-06-29,49.240002
2020-06-30,50.02
2020-07-01,49.490002
2020-07-02,50.119999
2020-07-06,50.43
2020-07-07,49.970001
2020-07-08,50.23
2020-07-09,51.380001
2020-07-10,51.330002
2020-07-13,51.720001
2020-07-14,53.349998
2020-07-15,54.82
2020-07-16,53.490002
2020-07-17,54.740002
2020-07-20,56.189999
2020-07-21,56.02
2020-07-22,56.529999
2020-07-23,56.209999
2020-07-24,56.220001
2020-07-27,57.889999
2020-07-28,57.0
2020-07-29,57.610001
2020-07-30,57.23
2020-07-31,57.540001
2020-08-03,58.560001
2020-08-04,58.689999
2020-08-05,59.799999
2020-08-06,60.0
2020-08-07,59.16
2020-08-10,57.0
2020-08-11,57.0
2020-08-12,57.919998
2020-08-13,59.490002
2020-08-14,60.049999
2020-08-17,60.610001
2020-08-18,61.400002
2020-08-19,62.459999
2020-08-20,63.630001
2020-08-21,63.57
2020-08-24,65.260002
2020-08-25,66.970001
2020-08-26,65.510002
2020-08-27,64.589996
2020-08-28,65.25
2020-08-31,68.230003
2020-09-01,67.830002
2020-09-02,67.580002
2020-09-03,65.25
2020-09-04,64.440002
2020-09-08,61.130001
2020-09-09,62.580002
2020-09-10,60.950001
2020-09-11,61.82
2020-09-14,62.580002
2020-09-15,62.27
2020-09-16,61.529999
2020-09-17,60.91
2020-09-18,60.970001
2020-09-21,59.09
2020-09-22,66.059998
2020-09-23,64.800003
2020-09-24,61.73
2020-09-25,63.330002
2020-09-28,64.209999
2020-09-29,64.620003
2020-09-30,65.25
2020-10-01,63.560001
2020-10-02,62.5
2020-10-05,63.66
2020-10-06,61.880001
2020-10-07,60.849998
2020-10-08,60.790001
2020-10-09,60.93
2020-10-12,61.549999
2020-10-13,62.689999
2020-10-14,61.360001
2020-10-15,60.73
2020-10-16,57.990002
2020-10-19,56.950001
2020-10-20,56.130001
2020-10-21,57.220001
2020-10-22,58.0
2020-10-23,59.119999
2020-10-26,59.130001
2020-10-27,59.529999
2020-10-28,57.84
2020-10-29,58.900002
2020-10-30,57.57
2020-11-02,56.880001
2020-11-03,57.709999
2020-11-04,61.240002
2020-11-05,63.110001
2020-11-06,63.810001
2020-11-09,65.029999
2020-11-10,61.310001
2020-11-11,61.189999
2020-11-12,60.990002
2020-11-13,62.110001
2020-11-16,62.099998
2020-11-17,61.490002
2020-11-18,61.720001
2020-11-19,62.529999
2020-11-20,61.939999
2020-11-23,61.470001
2020-11-24,65.379997
2020-11-25,65.620003
2020-11-27,67.190002
2020-11-30,68.959999
2020-12-01,70.050003
2020-12-02,69.199997
2020-12-03,69.339996
2020-12-04,68.050003
2020-12-07,68.0
2020-12-08,68.970001
2020-12-09,69.029999
2020-12-10,70.68
2020-12-11,70.279999
2020-12-14,68.230003
2020-12-15,68.889999
2020-12-16,70.800003
2020-12-17,70.650002
2020-12-18,69.269997
2020-12-21,67.089996
2020-12-22,67.110001
2020-12-23,67.690002
2020-12-24,67.650002
2020-12-28,68.199997
2020-12-29,67.510002
2020-12-30,69.5
2020-12-31,69.580002
2021-01-04,69.75
2021-01-05,72.160004
2021-01-06,70.110001
2021-01-07,70.900002
2021-01-08,70.900002
2021-01-11,69.919998
2021-01-12,69.599998
2021-01-13,68.989998
2021-01-14,69.290001
2021-01-15,67.32
2021-01-19,68.080002
2021-01-20,70.349998
2021-01-21,68.650002
2021-01-22,66.440002
2021-01-25,65.089996
2021-01-26,65.099998
2021-01-27,63.599998
2021-01-28,63.939999
2021-01-29,62.639999
2021-02-01,63.599998
2021-02-02,65.639999
2021-02-03,64.690002
2021-02-04,66.470001
2021-02-05,66.980003
2021-02-08,68.379997
2021-02-09,69.809998
2021-02-10,71.699997
2021-02-11,72.919998
2021-02-12,73.830002
2021-02-16,72.769997
2021-02-17,70.150002
2021-02-18,67.599998
2021-02-19,67.260002
2021-02-22,65.919998
2021-02-23,67.279999
2021-02-24,66.970001
2021-02-25,64.720001
2021-02-26,63.990002
2021-03-01,67.370003
2021-03-02,67.93
2021-03-03,66.089996
2021-03-04,62.759998
2021-03-05,63.630001
2021-03-08,60.310001
2021-03-09,63.490002
2021-03-10,63.73
2021-03-11,66.779999
2021-03-12,67.800003
2021-03-15,69.529999
2021-03-16,70.910004
2021-03-17,68.510002
2021-03-18,65.230003
2021-03-19,65.550003
2021-03-22,65.279999
2021-03-23,64.449997
2021-03-24,63.060001
2021-03-25,62.139999
2021-03-26,63.009998
2021-03-29,63.740002
2021-03-30,63.139999
2021-03-31,64.059998
2021-04-01,64.970001
2021-04-05,64.739998
2021-04-06,64.370003
2021-04-07,62.669998
2021-04-08,63.740002
2021-04-09,62.02
2021-05-13,67.52412414550781
2021-05-14,69.8044662475586
2021-05-15,72.90098571777344
2021-05-16,76.35462188720703
2021-05-17,79.99149322509766
2021-05-18,83.69291687011719
2021-05-19,87.35466003417969
